{"total time":234.27999877929688,"gaze":{"music":{"rap":0.25999996066093447,"reggae":3.739997148513794,"EDM":0.0,"country":4.039997100830078,"oldies":0.25999996066093447},"cars":{"hybrid vehicles":0.019999999552965165,"pickup trucks":0.8399997353553772},"cookbooks":{"molecular gastronomy":3.139997720718384,"spicy food":4.1999969482421879}},"reaction times":{"cat":1.9199943542480469}}